<?xml version="1.0" encoding="UTF-8"?>
<metadata xml:lang="en"><Esri><CreaDate>20220404</CreaDate><CreaTime>20432300</CreaTime><ArcGISFormat>1.0</ArcGISFormat><SyncOnce>FALSE</SyncOnce><DataProperties><itemProps><itemName Sync="TRUE">UKR_Adm</itemName><imsContentType Sync="TRUE">002</imsContentType><itemSize Sync="TRUE">0.000</itemSize><itemLocation><linkage Sync="TRUE">file://\\SP\D$\01 - CPD\07  -  MSc GIS\04 - Year 1\EGM722 Programming for GIS and Remote Sensing\Data\Boundaries\UKR_Adm.shp</linkage><protocol Sync="TRUE">Local Area Network</protocol></itemLocation></itemProps><coordRef><type Sync="TRUE">Geographic</type><geogcsn Sync="TRUE">GCS_WGS_1984</geogcsn><csUnits Sync="TRUE">Angular Unit: Degree (0.017453)</csUnits><peXml Sync="TRUE">&lt;GeographicCoordinateSystem xsi:type='typens:GeographicCoordinateSystem' xmlns:xsi='http://www.w3.org/2001/XMLSchema-instance' xmlns:xs='http://www.w3.org/2001/XMLSchema' xmlns:typens='http://www.esri.com/schemas/ArcGIS/2.9.0'&gt;&lt;WKT&gt;GEOGCS[&amp;quot;GCS_WGS_1984&amp;quot;,DATUM[&amp;quot;D_WGS_1984&amp;quot;,SPHEROID[&amp;quot;WGS_1984&amp;quot;,6378137.0,298.257223563]],PRIMEM[&amp;quot;Greenwich&amp;quot;,0.0],UNIT[&amp;quot;Degree&amp;quot;,0.0174532925199433],AUTHORITY[&amp;quot;EPSG&amp;quot;,4326]]&lt;/WKT&gt;&lt;XOrigin&gt;-400&lt;/XOrigin&gt;&lt;YOrigin&gt;-400&lt;/YOrigin&gt;&lt;XYScale&gt;11258999068426.238&lt;/XYScale&gt;&lt;ZOrigin&gt;-100000&lt;/ZOrigin&gt;&lt;ZScale&gt;10000&lt;/ZScale&gt;&lt;MOrigin&gt;-100000&lt;/MOrigin&gt;&lt;MScale&gt;10000&lt;/MScale&gt;&lt;XYTolerance&gt;8.983152841195215e-09&lt;/XYTolerance&gt;&lt;ZTolerance&gt;0.001&lt;/ZTolerance&gt;&lt;MTolerance&gt;0.001&lt;/MTolerance&gt;&lt;HighPrecision&gt;true&lt;/HighPrecision&gt;&lt;LeftLongitude&gt;-180&lt;/LeftLongitude&gt;&lt;WKID&gt;4326&lt;/WKID&gt;&lt;LatestWKID&gt;4326&lt;/LatestWKID&gt;&lt;/GeographicCoordinateSystem&gt;</peXml></coordRef><lineage><Process ToolSource="c:\program files\arcgis\pro\Resources\ArcToolbox\toolboxes\Conversion Tools.tbx\FeatureClassToFeatureClass" Date="20220404" Time="204323">FeatureClassToFeatureClass Ukraine "D:\01 - CPD\07  -  MSc GIS\04 - Year 1\EGM722 Programming for GIS and Remote Sensing\Data\Boundaries" UKR_Adm.shp # "FID_1 "FID_1" true true false 2 Short 0 2,First,#,Ukraine,FID_1,-1,-1;UKRNAME "UKRNAME" true true false 48 Text 0 0,First,#,Ukraine,UKRNAME,0,48;KOATUU "KOATUU" true true false 10 Text 0 0,First,#,Ukraine,KOATUU,0,10;KO_OBL_S "KO_OBL_S" true true false 2 Text 0 0,First,#,Ukraine,KO_OBL_S,0,2;RUSNAME "RUSNAME" true true false 50 Text 0 0,First,#,Ukraine,RUSNAME,0,50;ENGNAME "ENGNAME" true true false 25 Text 0 0,First,#,Ukraine,ENGNAME,0,25;AC_KOATUU "AC_KOATUU" true true false 10 Text 0 0,First,#,Ukraine,AC_KOATUU,0,10;ADMINCENTE "ADMINCENTE" true true false 31 Text 0 0,First,#,Ukraine,ADMINCENTE,0,31;ADMINCEN0 "ADMINCEN0" true true false 29 Text 0 0,First,#,Ukraine,ADMINCEN0,0,29;ADMINCEN1 "ADMINCEN1" true true false 16 Text 0 0,First,#,Ukraine,ADMINCEN1,0,16;ISO "ISO" true true false 5 Text 0 0,First,#,Ukraine,ISO,0,5;Country "Country" true true false 3 Text 0 0,First,#,Ukraine,Country,0,3;Region "Region" true true false 29 Text 0 0,First,#,Ukraine,Region,0,29;ISO_1 "ISO_1" true true false 5 Text 0 0,First,#,Ukraine,ISO_1,0,5;UA "UA" true true false 33 Text 0 0,First,#,Ukraine,UA,0,33;ACC1 "ACC1" true true false 24 Double 15 23,First,#,Ukraine,ACC1,-1,-1;ACC2 "ACC2" true true false 24 Double 15 23,First,#,Ukraine,ACC2,-1,-1;ACC3 "ACC3" true true false 24 Double 15 23,First,#,Ukraine,ACC3,-1,-1;ACC4 "ACC4" true true false 24 Double 15 23,First,#,Ukraine,ACC4,-1,-1;ACC5 "ACC5" true true false 24 Double 15 23,First,#,Ukraine,ACC5,-1,-1;ACC6 "ACC6" true true false 6 Long 0 6,First,#,Ukraine,ACC6,-1,-1;AHP "AHP" true true false 24 Double 15 23,First,#,Ukraine,AHP,-1,-1;AIDS "AIDS" true true false 24 Double 15 23,First,#,Ukraine,AIDS,-1,-1;AIR "AIR" true true false 24 Double 15 23,First,#,Ukraine,AIR,-1,-1;AIR1 "AIR1" true true false 24 Double 15 23,First,#,Ukraine,AIR1,-1,-1;BMN "BMN" true true false 24 Double 15 23,First,#,Ukraine,BMN,-1,-1;BMN1 "BMN1" true true false 24 Double 15 23,First,#,Ukraine,BMN1,-1,-1;BMN11 "BMN11" true true false 4 Short 0 4,First,#,Ukraine,BMN11,-1,-1;BMN2 "BMN2" true true false 24 Double 15 23,First,#,Ukraine,BMN2,-1,-1;BMN21 "BMN21" true true false 24 Double 15 23,First,#,Ukraine,BMN21,-1,-1;BMN22 "BMN22" true true false 24 Double 15 23,First,#,Ukraine,BMN22,-1,-1;BN "BN" true true false 24 Double 15 23,First,#,Ukraine,BN,-1,-1;BRS "BRS" true true false 24 Double 15 23,First,#,Ukraine,BRS,-1,-1;BRS1 "BRS1" true true false 24 Double 15 23,First,#,Ukraine,BRS1,-1,-1;BRS11 "BRS11" true true false 24 Double 15 23,First,#,Ukraine,BRS11,-1,-1;BRS2 "BRS2" true true false 24 Double 15 23,First,#,Ukraine,BRS2,-1,-1;BRS21 "BRS21" true true false 24 Double 15 23,First,#,Ukraine,BRS21,-1,-1;CCH "CCH" true true false 24 Double 15 23,First,#,Ukraine,CCH,-1,-1;CCH1 "CCH1" true true false 24 Double 15 23,First,#,Ukraine,CCH1,-1,-1;CCM "CCM" true true false 24 Double 15 23,First,#,Ukraine,CCM,-1,-1;CCM1 "CCM1" true true false 24 Double 15 23,First,#,Ukraine,CCM1,-1,-1;CCM11 "CCM11" true true false 24 Double 15 23,First,#,Ukraine,CCM11,-1,-1;CCM12 "CCM12" true true false 24 Double 15 23,First,#,Ukraine,CCM12,-1,-1;CCM2 "CCM2" true true false 24 Double 15 23,First,#,Ukraine,CCM2,-1,-1;CCM3 "CCM3" true true false 24 Double 15 23,First,#,Ukraine,CCM3,-1,-1;CFL "CFL" true true false 24 Double 15 23,First,#,Ukraine,CFL,-1,-1;CIR "CIR" true true false 24 Double 15 23,First,#,Ukraine,CIR,-1,-1;CON "CON" true true false 24 Double 15 23,First,#,Ukraine,CON,-1,-1;CORR_PER "CORR_PER" true true false 24 Double 15 23,First,#,Ukraine,CORR_PER,-1,-1;COV "COV" true true false 24 Double 15 23,First,#,Ukraine,COV,-1,-1;CPED "CPED" true true false 2 Short 0 2,First,#,Ukraine,CPED,-1,-1;Cql "Cql" true true false 24 Double 15 23,First,#,Ukraine,Cql,-1,-1;CRIME "CRIME" true true false 4 Short 0 4,First,#,Ukraine,CRIME,-1,-1;CS "CS" true true false 24 Double 15 23,First,#,Ukraine,CS,-1,-1;Csl "Csl" true true false 24 Double 15 23,First,#,Ukraine,Csl,-1,-1;CTL "CTL" true true false 24 Double 15 23,First,#,Ukraine,CTL,-1,-1;DD "DD" true true false 24 Double 15 23,First,#,Ukraine,DD,-1,-1;DIS "DIS" true true false 24 Double 15 23,First,#,Ukraine,DIS,-1,-1;DNO "DNO" true true false 24 Double 15 23,First,#,Ukraine,DNO,-1,-1;DNTR "DNTR" true true false 24 Double 15 23,First,#,Ukraine,DNTR,-1,-1;DOGCO "DOGCO" true true false 2 Short 0 2,First,#,Ukraine,DOGCO,-1,-1;DWT "DWT" true true false 24 Double 15 23,First,#,Ukraine,DWT,-1,-1;DWT1 "DWT1" true true false 24 Double 15 23,First,#,Ukraine,DWT1,-1,-1;DWT11 "DWT11" true true false 24 Double 15 23,First,#,Ukraine,DWT11,-1,-1;DWT12 "DWT12" true true false 24 Double 15 23,First,#,Ukraine,DWT12,-1,-1;DWT13 "DWT13" true true false 24 Double 15 23,First,#,Ukraine,DWT13,-1,-1;DWT14 "DWT14" true true false 24 Double 15 23,First,#,Ukraine,DWT14,-1,-1;EAN "EAN" true true false 24 Double 15 23,First,#,Ukraine,EAN,-1,-1;EANA "EANA" true true false 24 Double 15 23,First,#,Ukraine,EANA,-1,-1;EL "EL" true true false 24 Double 15 23,First,#,Ukraine,EL,-1,-1;EMN "EMN" true true false 24 Double 15 23,First,#,Ukraine,EMN,-1,-1;EMP "EMP" true true false 24 Double 15 23,First,#,Ukraine,EMP,-1,-1;EMP1 "EMP1" true true false 24 Double 15 23,First,#,Ukraine,EMP1,-1,-1;EMP11 "EMP11" true true false 24 Double 15 23,First,#,Ukraine,EMP11,-1,-1;EMP2 "EMP2" true true false 24 Double 15 23,First,#,Ukraine,EMP2,-1,-1;EMP21 "EMP21" true true false 24 Double 15 23,First,#,Ukraine,EMP21,-1,-1;EPR "EPR" true true false 24 Double 15 23,First,#,Ukraine,EPR,-1,-1;EST "EST" true true false 24 Double 15 23,First,#,Ukraine,EST,-1,-1;EW "EW" true true false 24 Double 15 23,First,#,Ukraine,EW,-1,-1;FNADAM "FNADAM" true true false 24 Double 15 23,First,#,Ukraine,FNADAM,-1,-1;G "G" true true false 24 Double 15 23,First,#,Ukraine,G,-1,-1;GRP "GRP" true true false 24 Double 15 23,First,#,Ukraine,GRP,-1,-1;HEALTH_DEC "HEALTH_DEC" true true false 24 Double 15 23,First,#,Ukraine,HEALTH_DEC,-1,-1;HI "HI" true true false 24 Double 15 23,First,#,Ukraine,HI,-1,-1;HLT "HLT" true true false 24 Double 15 23,First,#,Ukraine,HLT,-1,-1;HZD "HZD" true true false 24 Double 15 23,First,#,Ukraine,HZD,-1,-1;HZD1 "HZD1" true true false 24 Double 15 23,First,#,Ukraine,HZD1,-1,-1;HZD11 "HZD11" true true false 24 Double 15 23,First,#,Ukraine,HZD11,-1,-1;HZD2 "HZD2" true true false 24 Double 15 23,First,#,Ukraine,HZD2,-1,-1;HZD21 "HZD21" true true false 24 Double 15 23,First,#,Ukraine,HZD21,-1,-1;Ibp "Ibp" true true false 24 Double 15 23,First,#,Ukraine,Ibp,-1,-1;ID "ID" true true false 24 Double 15 23,First,#,Ukraine,ID,-1,-1;Ie "Ie" true true false 24 Double 15 23,First,#,Ukraine,Ie,-1,-1;Iec "Iec" true true false 24 Double 15 23,First,#,Ukraine,Iec,-1,-1;Ihd "Ihd" true true false 24 Double 15 23,First,#,Ukraine,Ihd,-1,-1;IID "IID" true true false 24 Double 15 23,First,#,Ukraine,IID,-1,-1;Iiim "Iiim" true true false 24 Double 15 23,First,#,Ukraine,Iiim,-1,-1;Iikp "Iikp" true true false 24 Double 15 23,First,#,Ukraine,Iikp,-1,-1;Iksp "Iksp" true true false 24 Double 15 23,First,#,Ukraine,Iksp,-1,-1;Illw "Illw" true true false 24 Double 15 23,First,#,Ukraine,Illw,-1,-1;INF "INF" true true false 24 Double 15 23,First,#,Ukraine,INF,-1,-1;Ipd "Ipd" true true false 24 Double 15 23,First,#,Ukraine,Ipd,-1,-1;Iql "Iql" true true false 24 Double 15 23,First,#,Ukraine,Iql,-1,-1;Irp "Irp" true true false 24 Double 15 23,First,#,Ukraine,Irp,-1,-1;Is_ "Is_" true true false 24 Double 15 23,First,#,Ukraine,Is_,-1,-1;Isd "Isd" true true false 24 Double 15 23,First,#,Ukraine,Isd,-1,-1;IU "IU" true true false 24 Double 15 23,First,#,Ukraine,IU,-1,-1;IWE "IWE" true true false 24 Double 15 23,First,#,Ukraine,IWE,-1,-1;IWE1 "IWE1" true true false 24 Double 15 23,First,#,Ukraine,IWE1,-1,-1;IWE11 "IWE11" true true false 4 Short 0 4,First,#,Ukraine,IWE11,-1,-1;IWE12 "IWE12" true true false 3 Short 0 3,First,#,Ukraine,IWE12,-1,-1;IWE2 "IWE2" true true false 24 Double 15 23,First,#,Ukraine,IWE2,-1,-1;IWE21 "IWE21" true true false 24 Double 15 23,First,#,Ukraine,IWE21,-1,-1;IWE3 "IWE3" true true false 24 Double 15 23,First,#,Ukraine,IWE3,-1,-1;IWE31 "IWE31" true true false 24 Double 15 23,First,#,Ukraine,IWE31,-1,-1;KAP "KAP" true true false 5 Long 0 5,First,#,Ukraine,KAP,-1,-1;KI "KI" true true false 24 Double 15 23,First,#,Ukraine,KI,-1,-1;KIN "KIN" true true false 24 Double 15 23,First,#,Ukraine,KIN,-1,-1;LIFE_EXP "LIFE_EXP" true true false 24 Double 15 23,First,#,Ukraine,LIFE_EXP,-1,-1;LM "LM" true true false 24 Double 15 23,First,#,Ukraine,LM,-1,-1;LNP "LNP" true true false 24 Double 15 23,First,#,Ukraine,LNP,-1,-1;LNP1 "LNP1" true true false 24 Double 15 23,First,#,Ukraine,LNP1,-1,-1;LNP11 "LNP11" true true false 24 Double 15 23,First,#,Ukraine,LNP11,-1,-1;LNP2 "LNP2" true true false 24 Double 15 23,First,#,Ukraine,LNP2,-1,-1;LNP21 "LNP21" true true false 24 Double 15 23,First,#,Ukraine,LNP21,-1,-1;LNP3 "LNP3" true true false 24 Double 15 23,First,#,Ukraine,LNP3,-1,-1;LNP31 "LNP31" true true false 24 Double 15 23,First,#,Ukraine,LNP31,-1,-1;LRS "LRS" true true false 24 Double 15 23,First,#,Ukraine,LRS,-1,-1;LRS1 "LRS1" true true false 24 Double 15 23,First,#,Ukraine,LRS1,-1,-1;LRS11 "LRS11" true true false 24 Double 15 23,First,#,Ukraine,LRS11,-1,-1;LRS2 "LRS2" true true false 24 Double 15 23,First,#,Ukraine,LRS2,-1,-1;LRS21 "LRS21" true true false 24 Double 15 23,First,#,Ukraine,LRS21,-1,-1;LS "LS" true true false 2 Short 0 2,First,#,Ukraine,LS,-1,-1;MBDI "MBDI" true true false 24 Double 15 23,First,#,Ukraine,MBDI,-1,-1;MmTL "MmTL" true true false 24 Double 15 23,First,#,Ukraine,MmTL,-1,-1;mortAIDS "mortAIDS" true true false 24 Double 15 23,First,#,Ukraine,mortAIDS,-1,-1;mortCANC "mortCANC" true true false 24 Double 15 23,First,#,Ukraine,mortCANC,-1,-1;mortCIRCUL "mortCIRCUL" true true false 24 Double 15 23,First,#,Ukraine,mortCIRCUL,-1,-1;mortTB "mortTB" true true false 24 Double 15 23,First,#,Ukraine,mortTB,-1,-1;MPO "MPO" true true false 24 Double 15 23,First,#,Ukraine,MPO,-1,-1;NCPU "NCPU" true true false 24 Double 15 23,First,#,Ukraine,NCPU,-1,-1;NMBE "NMBE" true true false 1 Short 0 1,First,#,Ukraine,NMBE,-1,-1;NRO "NRO" true true false 4 Short 0 4,First,#,Ukraine,NRO,-1,-1;OETP "OETP" true true false 24 Double 15 23,First,#,Ukraine,OETP,-1,-1;OITP "OITP" true true false 24 Double 15 23,First,#,Ukraine,OITP,-1,-1;ONR "ONR" true true false 24 Double 15 23,First,#,Ukraine,ONR,-1,-1;OORT "OORT" true true false 24 Double 15 23,First,#,Ukraine,OORT,-1,-1;ORIP "ORIP" true true false 24 Double 15 23,First,#,Ukraine,ORIP,-1,-1;ORP "ORP" true true false 24 Double 15 23,First,#,Ukraine,ORP,-1,-1;ORPP "ORPP" true true false 24 Double 15 23,First,#,Ukraine,ORPP,-1,-1;OVID "OVID" true true false 24 Double 15 23,First,#,Ukraine,OVID,-1,-1;PA "PA" true true false 24 Double 15 23,First,#,Ukraine,PA,-1,-1;PATLG "PATLG" true true false 24 Double 15 23,First,#,Ukraine,PATLG,-1,-1;PATLLA "PATLLA" true true false 24 Double 15 23,First,#,Ukraine,PATLLA,-1,-1;PATLP "PATLP" true true false 24 Double 15 23,First,#,Ukraine,PATLP,-1,-1;PATLSC "PATLSC" true true false 24 Double 15 23,First,#,Ukraine,PATLSC,-1,-1;PCP "PCP" true true false 24 Double 15 23,First,#,Ukraine,PCP,-1,-1;POL "POL" true true false 24 Double 15 23,First,#,Ukraine,POL,-1,-1;POL1 "POL1" true true false 24 Double 15 23,First,#,Ukraine,POL1,-1,-1;POL2 "POL2" true true false 24 Double 15 23,First,#,Ukraine,POL2,-1,-1;PPHB "PPHB" true true false 24 Double 15 23,First,#,Ukraine,PPHB,-1,-1;PPP "PPP" true true false 24 Double 15 23,First,#,Ukraine,PPP,-1,-1;PR "PR" true true false 2 Short 0 2,First,#,Ukraine,PR,-1,-1;PRP "PRP" true true false 24 Double 15 23,First,#,Ukraine,PRP,-1,-1;PSG "PSG" true true false 5 Long 0 5,First,#,Ukraine,PSG,-1,-1;PSPTO "PSPTO" true true false 24 Double 15 23,First,#,Ukraine,PSPTO,-1,-1;REL "REL" true true false 24 Double 15 23,First,#,Ukraine,REL,-1,-1;RIP "RIP" true true false 24 Double 15 23,First,#,Ukraine,RIP,-1,-1;RS "RS" true true false 24 Double 15 23,First,#,Ukraine,RS,-1,-1;RST "RST" true true false 24 Double 15 23,First,#,Ukraine,RST,-1,-1;RST1 "RST1" true true false 24 Double 15 23,First,#,Ukraine,RST1,-1,-1;RST11 "RST11" true true false 24 Double 15 23,First,#,Ukraine,RST11,-1,-1;RST12 "RST12" true true false 24 Double 15 23,First,#,Ukraine,RST12,-1,-1;RST13 "RST13" true true false 24 Double 15 23,First,#,Ukraine,RST13,-1,-1;RST14 "RST14" true true false 24 Double 15 23,First,#,Ukraine,RST14,-1,-1;RST15 "RST15" true true false 24 Double 15 23,First,#,Ukraine,RST15,-1,-1;RST16 "RST16" true true false 24 Double 15 23,First,#,Ukraine,RST16,-1,-1;RST2 "RST2" true true false 24 Double 15 23,First,#,Ukraine,RST2,-1,-1;RST21 "RST21" true true false 24 Double 15 23,First,#,Ukraine,RST21,-1,-1;RST22 "RST22" true true false 24 Double 15 23,First,#,Ukraine,RST22,-1,-1;RST23 "RST23" true true false 24 Double 15 23,First,#,Ukraine,RST23,-1,-1;RST24 "RST24" true true false 1 Short 0 1,First,#,Ukraine,RST24,-1,-1;RST3 "RST3" true true false 24 Double 15 23,First,#,Ukraine,RST3,-1,-1;RST31 "RST31" true true false 24 Double 15 23,First,#,Ukraine,RST31,-1,-1;RST32 "RST32" true true false 24 Double 15 23,First,#,Ukraine,RST32,-1,-1;RST33 "RST33" true true false 24 Double 15 23,First,#,Ukraine,RST33,-1,-1;RST34 "RST34" true true false 24 Double 15 23,First,#,Ukraine,RST34,-1,-1;RST35 "RST35" true true false 24 Double 15 23,First,#,Ukraine,RST35,-1,-1;RZOF "RZOF" true true false 24 Double 15 23,First,#,Ukraine,RZOF,-1,-1;SA "SA" true true false 24 Double 15 23,First,#,Ukraine,SA,-1,-1;Se "Se" true true false 24 Double 15 23,First,#,Ukraine,Se,-1,-1;Sec "Sec" true true false 24 Double 15 23,First,#,Ukraine,Sec,-1,-1;SHF "SHF" true true false 3 Short 0 3,First,#,Ukraine,SHF,-1,-1;SMZP "SMZP" true true false 4 Short 0 4,First,#,Ukraine,SMZP,-1,-1;SP "SP" true true false 24 Double 15 23,First,#,Ukraine,SP,-1,-1;SPS "SPS" true true false 24 Double 15 23,First,#,Ukraine,SPS,-1,-1;SPS1 "SPS1" true true false 24 Double 15 23,First,#,Ukraine,SPS1,-1,-1;SPS11 "SPS11" true true false 3 Short 0 3,First,#,Ukraine,SPS11,-1,-1;SR "SR" true true false 24 Double 15 23,First,#,Ukraine,SR,-1,-1;Ss "Ss" true true false 24 Double 15 23,First,#,Ukraine,Ss,-1,-1;TSR "TSR" true true false 24 Double 15 23,First,#,Ukraine,TSR,-1,-1;VNP "VNP" true true false 24 Double 15 23,First,#,Ukraine,VNP,-1,-1;VRP "VRP" true true false 6 Long 0 6,First,#,Ukraine,VRP,-1,-1;VSF "VSF" true true false 24 Double 15 23,First,#,Ukraine,VSF,-1,-1;WAC "WAC" true true false 24 Double 15 23,First,#,Ukraine,WAC,-1,-1;WAC1 "WAC1" true true false 24 Double 15 23,First,#,Ukraine,WAC1,-1,-1;WAC11 "WAC11" true true false 24 Double 15 23,First,#,Ukraine,WAC11,-1,-1;WPSPA "WPSPA" true true false 24 Double 15 23,First,#,Ukraine,WPSPA,-1,-1;WRS "WRS" true true false 24 Double 15 23,First,#,Ukraine,WRS,-1,-1;WRS1 "WRS1" true true false 24 Double 15 23,First,#,Ukraine,WRS1,-1,-1;WRS2 "WRS2" true true false 24 Double 15 23,First,#,Ukraine,WRS2,-1,-1;WSU "WSU" true true false 24 Double 15 23,First,#,Ukraine,WSU,-1,-1;WSU1 "WSU1" true true false 24 Double 15 23,First,#,Ukraine,WSU1,-1,-1;WSU11 "WSU11" true true false 24 Double 15 23,First,#,Ukraine,WSU11,-1,-1;WTP "WTP" true true false 24 Double 15 23,First,#,Ukraine,WTP,-1,-1;WTP1 "WTP1" true true false 24 Double 15 23,First,#,Ukraine,WTP1,-1,-1;WTP11 "WTP11" true true false 24 Double 15 23,First,#,Ukraine,WTP11,-1,-1;WTP12 "WTP12" true true false 24 Double 15 23,First,#,Ukraine,WTP12,-1,-1;WTP2 "WTP2" true true false 24 Double 15 23,First,#,Ukraine,WTP2,-1,-1;WTP21 "WTP21" true true false 4 Short 0 4,First,#,Ukraine,WTP21,-1,-1;ZED "ZED" true true false 24 Double 15 23,First,#,Ukraine,ZED,-1,-1;ZP "ZP" true true false 24 Double 15 23,First,#,Ukraine,ZP,-1,-1;Shape__Are "Shape__Are" true true false 24 Double 15 23,First,#,Ukraine,Shape__Are,-1,-1;Shape__Len "Shape__Len" true true false 24 Double 15 23,First,#,Ukraine,Shape__Len,-1,-1" #</Process></lineage></DataProperties><SyncDate>20220404</SyncDate><SyncTime>20432300</SyncTime><ModDate>20220404</ModDate><ModTime>20432300</ModTime></Esri><dataIdInfo><envirDesc Sync="TRUE">Microsoft Windows 10 Version 10.0 (Build 22000) ; Esri ArcGIS 12.9.0.32739</envirDesc><dataLang><languageCode value="eng" Sync="TRUE"></languageCode><countryCode value="GBR" Sync="TRUE"></countryCode></dataLang><idCitation><resTitle Sync="TRUE">UKR_Adm</resTitle><presForm><PresFormCd value="005" Sync="TRUE"></PresFormCd></presForm></idCitation><spatRpType><SpatRepTypCd value="001" Sync="TRUE"></SpatRepTypCd></spatRpType></dataIdInfo><mdLang><languageCode value="eng" Sync="TRUE"></languageCode><countryCode value="GBR" Sync="TRUE"></countryCode></mdLang><mdChar><CharSetCd value="004" Sync="TRUE"></CharSetCd></mdChar><distInfo><distFormat><formatName Sync="TRUE">Shapefile</formatName></distFormat><distTranOps><transSize Sync="TRUE">0.000</transSize></distTranOps></distInfo><mdHrLv><ScopeCd value="005" Sync="TRUE"></ScopeCd></mdHrLv><mdHrLvName Sync="TRUE">dataset</mdHrLvName><refSysInfo><RefSystem><refSysID><identCode code="4326" Sync="TRUE"></identCode><idCodeSpace Sync="TRUE">EPSG</idCodeSpace><idVersion Sync="TRUE">6.2(3.0.1)</idVersion></refSysID></RefSystem></refSysInfo><spatRepInfo><VectSpatRep><geometObjs Name="UKR_Adm"><geoObjTyp><GeoObjTypCd value="002" Sync="TRUE"></GeoObjTypCd></geoObjTyp><geoObjCnt Sync="TRUE">0</geoObjCnt></geometObjs><topLvl><TopoLevCd value="001" Sync="TRUE"></TopoLevCd></topLvl></VectSpatRep></spatRepInfo><spdoinfo><ptvctinf><esriterm Name="UKR_Adm"><efeatyp Sync="TRUE">Simple</efeatyp><efeageom code="4" Sync="TRUE"></efeageom><esritopo Sync="TRUE">FALSE</esritopo><efeacnt Sync="TRUE">0</efeacnt><spindex Sync="TRUE">FALSE</spindex><linrefer Sync="TRUE">FALSE</linrefer></esriterm></ptvctinf></spdoinfo><eainfo><detailed Name="UKR_Adm"><enttyp><enttypl Sync="TRUE">UKR_Adm</enttypl><enttypt Sync="TRUE">Feature Class</enttypt><enttypc Sync="TRUE">0</enttypc></enttyp><attr><attrlabl Sync="TRUE">FID</attrlabl><attalias Sync="TRUE">FID</attalias><attrtype Sync="TRUE">OID</attrtype><attwidth Sync="TRUE">4</attwidth><atprecis Sync="TRUE">0</atprecis><attscale Sync="TRUE">0</attscale><attrdef Sync="TRUE">Internal feature number.</attrdef><attrdefs Sync="TRUE">Esri</attrdefs><attrdomv><udom Sync="TRUE">Sequential unique whole numbers that are automatically generated.</udom></attrdomv></attr><attr><attrlabl Sync="TRUE">Shape</attrlabl><attalias Sync="TRUE">Shape</attalias><attrtype Sync="TRUE">Geometry</attrtype><attwidth Sync="TRUE">0</attwidth><atprecis Sync="TRUE">0</atprecis><attscale Sync="TRUE">0</attscale><attrdef Sync="TRUE">Feature geometry.</attrdef><attrdefs Sync="TRUE">Esri</attrdefs><attrdomv><udom Sync="TRUE">Coordinates defining the features.</udom></attrdomv></attr><attr><attrlabl Sync="TRUE">FID_1</attrlabl><attalias Sync="TRUE">FID_1</attalias><attrtype Sync="TRUE">SmallInteger</attrtype><attwidth Sync="TRUE">2</attwidth><atprecis Sync="TRUE">2</atprecis><attscale Sync="TRUE">0</attscale></attr><attr><attrlabl Sync="TRUE">UKRNAME</attrlabl><attalias Sync="TRUE">UKRNAME</attalias><attrtype Sync="TRUE">String</attrtype><attwidth Sync="TRUE">48</attwidth><atprecis Sync="TRUE">0</atprecis><attscale Sync="TRUE">0</attscale></attr><attr><attrlabl Sync="TRUE">KOATUU</attrlabl><attalias Sync="TRUE">KOATUU</attalias><attrtype Sync="TRUE">String</attrtype><attwidth Sync="TRUE">10</attwidth><atprecis Sync="TRUE">0</atprecis><attscale Sync="TRUE">0</attscale></attr><attr><attrlabl Sync="TRUE">KO_OBL_S</attrlabl><attalias Sync="TRUE">KO_OBL_S</attalias><attrtype Sync="TRUE">String</attrtype><attwidth Sync="TRUE">2</attwidth><atprecis Sync="TRUE">0</atprecis><attscale Sync="TRUE">0</attscale></attr><attr><attrlabl Sync="TRUE">RUSNAME</attrlabl><attalias Sync="TRUE">RUSNAME</attalias><attrtype Sync="TRUE">String</attrtype><attwidth Sync="TRUE">50</attwidth><atprecis Sync="TRUE">0</atprecis><attscale Sync="TRUE">0</attscale></attr><attr><attrlabl Sync="TRUE">ENGNAME</attrlabl><attalias Sync="TRUE">ENGNAME</attalias><attrtype Sync="TRUE">String</attrtype><attwidth Sync="TRUE">25</attwidth><atprecis Sync="TRUE">0</atprecis><attscale Sync="TRUE">0</attscale></attr><attr><attrlabl Sync="TRUE">AC_KOATUU</attrlabl><attalias Sync="TRUE">AC_KOATUU</attalias><attrtype Sync="TRUE">String</attrtype><attwidth Sync="TRUE">10</attwidth><atprecis Sync="TRUE">0</atprecis><attscale Sync="TRUE">0</attscale></attr><attr><attrlabl Sync="TRUE">ADMINCENTE</attrlabl><attalias Sync="TRUE">ADMINCENTE</attalias><attrtype Sync="TRUE">String</attrtype><attwidth Sync="TRUE">31</attwidth><atprecis Sync="TRUE">0</atprecis><attscale Sync="TRUE">0</attscale></attr><attr><attrlabl Sync="TRUE">ADMINCEN0</attrlabl><attalias Sync="TRUE">ADMINCEN0</attalias><attrtype Sync="TRUE">String</attrtype><attwidth Sync="TRUE">29</attwidth><atprecis Sync="TRUE">0</atprecis><attscale Sync="TRUE">0</attscale></attr><attr><attrlabl Sync="TRUE">ADMINCEN1</attrlabl><attalias Sync="TRUE">ADMINCEN1</attalias><attrtype Sync="TRUE">String</attrtype><attwidth Sync="TRUE">16</attwidth><atprecis Sync="TRUE">0</atprecis><attscale Sync="TRUE">0</attscale></attr><attr><attrlabl Sync="TRUE">ISO</attrlabl><attalias Sync="TRUE">ISO</attalias><attrtype Sync="TRUE">String</attrtype><attwidth Sync="TRUE">5</attwidth><atprecis Sync="TRUE">0</atprecis><attscale Sync="TRUE">0</attscale></attr><attr><attrlabl Sync="TRUE">Country</attrlabl><attalias Sync="TRUE">Country</attalias><attrtype Sync="TRUE">String</attrtype><attwidth Sync="TRUE">3</attwidth><atprecis Sync="TRUE">0</atprecis><attscale Sync="TRUE">0</attscale></attr><attr><attrlabl Sync="TRUE">Region</attrlabl><attalias Sync="TRUE">Region</attalias><attrtype Sync="TRUE">String</attrtype><attwidth Sync="TRUE">29</attwidth><atprecis Sync="TRUE">0</atprecis><attscale Sync="TRUE">0</attscale></attr><attr><attrlabl Sync="TRUE">ISO_1</attrlabl><attalias Sync="TRUE">ISO_1</attalias><attrtype Sync="TRUE">String</attrtype><attwidth Sync="TRUE">5</attwidth><atprecis Sync="TRUE">0</atprecis><attscale Sync="TRUE">0</attscale></attr><attr><attrlabl Sync="TRUE">UA</attrlabl><attalias Sync="TRUE">UA</attalias><attrtype Sync="TRUE">String</attrtype><attwidth Sync="TRUE">33</attwidth><atprecis Sync="TRUE">0</atprecis><attscale Sync="TRUE">0</attscale></attr><attr><attrlabl Sync="TRUE">ACC1</attrlabl><attalias Sync="TRUE">ACC1</attalias><attrtype Sync="TRUE">Double</attrtype><attwidth Sync="TRUE">19</attwidth><atprecis Sync="TRUE">18</atprecis><attscale Sync="TRUE">15</attscale></attr><attr><attrlabl Sync="TRUE">ACC2</attrlabl><attalias Sync="TRUE">ACC2</attalias><attrtype Sync="TRUE">Double</attrtype><attwidth Sync="TRUE">19</attwidth><atprecis Sync="TRUE">18</atprecis><attscale Sync="TRUE">15</attscale></attr><attr><attrlabl Sync="TRUE">ACC3</attrlabl><attalias Sync="TRUE">ACC3</attalias><attrtype Sync="TRUE">Double</attrtype><attwidth Sync="TRUE">19</attwidth><atprecis Sync="TRUE">18</atprecis><attscale Sync="TRUE">15</attscale></attr><attr><attrlabl Sync="TRUE">ACC4</attrlabl><attalias Sync="TRUE">ACC4</attalias><attrtype Sync="TRUE">Double</attrtype><attwidth Sync="TRUE">19</attwidth><atprecis Sync="TRUE">18</atprecis><attscale Sync="TRUE">15</attscale></attr><attr><attrlabl Sync="TRUE">ACC5</attrlabl><attalias Sync="TRUE">ACC5</attalias><attrtype Sync="TRUE">Double</attrtype><attwidth Sync="TRUE">19</attwidth><atprecis Sync="TRUE">18</atprecis><attscale Sync="TRUE">15</attscale></attr><attr><attrlabl Sync="TRUE">ACC6</attrlabl><attalias Sync="TRUE">ACC6</attalias><attrtype Sync="TRUE">Integer</attrtype><attwidth Sync="TRUE">6</attwidth><atprecis Sync="TRUE">6</atprecis><attscale Sync="TRUE">0</attscale></attr><attr><attrlabl Sync="TRUE">AHP</attrlabl><attalias Sync="TRUE">AHP</attalias><attrtype Sync="TRUE">Double</attrtype><attwidth Sync="TRUE">19</attwidth><atprecis Sync="TRUE">18</atprecis><attscale Sync="TRUE">15</attscale></attr><attr><attrlabl Sync="TRUE">AIDS</attrlabl><attalias Sync="TRUE">AIDS</attalias><attrtype Sync="TRUE">Double</attrtype><attwidth Sync="TRUE">19</attwidth><atprecis Sync="TRUE">18</atprecis><attscale Sync="TRUE">15</attscale></attr><attr><attrlabl Sync="TRUE">AIR</attrlabl><attalias Sync="TRUE">AIR</attalias><attrtype Sync="TRUE">Double</attrtype><attwidth Sync="TRUE">19</attwidth><atprecis Sync="TRUE">18</atprecis><attscale Sync="TRUE">15</attscale></attr><attr><attrlabl Sync="TRUE">AIR1</attrlabl><attalias Sync="TRUE">AIR1</attalias><attrtype Sync="TRUE">Double</attrtype><attwidth Sync="TRUE">19</attwidth><atprecis Sync="TRUE">18</atprecis><attscale Sync="TRUE">15</attscale></attr><attr><attrlabl Sync="TRUE">BMN</attrlabl><attalias Sync="TRUE">BMN</attalias><attrtype Sync="TRUE">Double</attrtype><attwidth Sync="TRUE">19</attwidth><atprecis Sync="TRUE">18</atprecis><attscale Sync="TRUE">15</attscale></attr><attr><attrlabl Sync="TRUE">BMN1</attrlabl><attalias Sync="TRUE">BMN1</attalias><attrtype Sync="TRUE">Double</attrtype><attwidth Sync="TRUE">19</attwidth><atprecis Sync="TRUE">18</atprecis><attscale Sync="TRUE">15</attscale></attr><attr><attrlabl Sync="TRUE">BMN11</attrlabl><attalias Sync="TRUE">BMN11</attalias><attrtype Sync="TRUE">SmallInteger</attrtype><attwidth Sync="TRUE">4</attwidth><atprecis Sync="TRUE">4</atprecis><attscale Sync="TRUE">0</attscale></attr><attr><attrlabl Sync="TRUE">BMN2</attrlabl><attalias Sync="TRUE">BMN2</attalias><attrtype Sync="TRUE">Double</attrtype><attwidth Sync="TRUE">19</attwidth><atprecis Sync="TRUE">18</atprecis><attscale Sync="TRUE">15</attscale></attr><attr><attrlabl Sync="TRUE">BMN21</attrlabl><attalias Sync="TRUE">BMN21</attalias><attrtype Sync="TRUE">Double</attrtype><attwidth Sync="TRUE">19</attwidth><atprecis Sync="TRUE">18</atprecis><attscale Sync="TRUE">15</attscale></attr><attr><attrlabl Sync="TRUE">BMN22</attrlabl><attalias Sync="TRUE">BMN22</attalias><attrtype Sync="TRUE">Double</attrtype><attwidth Sync="TRUE">19</attwidth><atprecis Sync="TRUE">18</atprecis><attscale Sync="TRUE">15</attscale></attr><attr><attrlabl Sync="TRUE">BN</attrlabl><attalias Sync="TRUE">BN</attalias><attrtype Sync="TRUE">Double</attrtype><attwidth Sync="TRUE">19</attwidth><atprecis Sync="TRUE">18</atprecis><attscale Sync="TRUE">15</attscale></attr><attr><attrlabl Sync="TRUE">BRS</attrlabl><attalias Sync="TRUE">BRS</attalias><attrtype Sync="TRUE">Double</attrtype><attwidth Sync="TRUE">19</attwidth><atprecis Sync="TRUE">18</atprecis><attscale Sync="TRUE">15</attscale></attr><attr><attrlabl Sync="TRUE">BRS1</attrlabl><attalias Sync="TRUE">BRS1</attalias><attrtype Sync="TRUE">Double</attrtype><attwidth Sync="TRUE">19</attwidth><atprecis Sync="TRUE">18</atprecis><attscale Sync="TRUE">15</attscale></attr><attr><attrlabl Sync="TRUE">BRS11</attrlabl><attalias Sync="TRUE">BRS11</attalias><attrtype Sync="TRUE">Double</attrtype><attwidth Sync="TRUE">19</attwidth><atprecis Sync="TRUE">18</atprecis><attscale Sync="TRUE">15</attscale></attr><attr><attrlabl Sync="TRUE">BRS2</attrlabl><attalias Sync="TRUE">BRS2</attalias><attrtype Sync="TRUE">Double</attrtype><attwidth Sync="TRUE">19</attwidth><atprecis Sync="TRUE">18</atprecis><attscale Sync="TRUE">15</attscale></attr><attr><attrlabl Sync="TRUE">BRS21</attrlabl><attalias Sync="TRUE">BRS21</attalias><attrtype Sync="TRUE">Double</attrtype><attwidth Sync="TRUE">19</attwidth><atprecis Sync="TRUE">18</atprecis><attscale Sync="TRUE">15</attscale></attr><attr><attrlabl Sync="TRUE">CCH</attrlabl><attalias Sync="TRUE">CCH</attalias><attrtype Sync="TRUE">Double</attrtype><attwidth Sync="TRUE">19</attwidth><atprecis Sync="TRUE">18</atprecis><attscale Sync="TRUE">15</attscale></attr><attr><attrlabl Sync="TRUE">CCH1</attrlabl><attalias Sync="TRUE">CCH1</attalias><attrtype Sync="TRUE">Double</attrtype><attwidth Sync="TRUE">19</attwidth><atprecis Sync="TRUE">18</atprecis><attscale Sync="TRUE">15</attscale></attr><attr><attrlabl Sync="TRUE">CCM</attrlabl><attalias Sync="TRUE">CCM</attalias><attrtype Sync="TRUE">Double</attrtype><attwidth Sync="TRUE">19</attwidth><atprecis Sync="TRUE">18</atprecis><attscale Sync="TRUE">15</attscale></attr><attr><attrlabl Sync="TRUE">CCM1</attrlabl><attalias Sync="TRUE">CCM1</attalias><attrtype Sync="TRUE">Double</attrtype><attwidth Sync="TRUE">19</attwidth><atprecis Sync="TRUE">18</atprecis><attscale Sync="TRUE">15</attscale></attr><attr><attrlabl Sync="TRUE">CCM11</attrlabl><attalias Sync="TRUE">CCM11</attalias><attrtype Sync="TRUE">Double</attrtype><attwidth Sync="TRUE">19</attwidth><atprecis Sync="TRUE">18</atprecis><attscale Sync="TRUE">15</attscale></attr><attr><attrlabl Sync="TRUE">CCM12</attrlabl><attalias Sync="TRUE">CCM12</attalias><attrtype Sync="TRUE">Double</attrtype><attwidth Sync="TRUE">19</attwidth><atprecis Sync="TRUE">18</atprecis><attscale Sync="TRUE">15</attscale></attr><attr><attrlabl Sync="TRUE">CCM2</attrlabl><attalias Sync="TRUE">CCM2</attalias><attrtype Sync="TRUE">Double</attrtype><attwidth Sync="TRUE">19</attwidth><atprecis Sync="TRUE">18</atprecis><attscale Sync="TRUE">15</attscale></attr><attr><attrlabl Sync="TRUE">CCM3</attrlabl><attalias Sync="TRUE">CCM3</attalias><attrtype Sync="TRUE">Double</attrtype><attwidth Sync="TRUE">19</attwidth><atprecis Sync="TRUE">18</atprecis><attscale Sync="TRUE">15</attscale></attr><attr><attrlabl Sync="TRUE">CFL</attrlabl><attalias Sync="TRUE">CFL</attalias><attrtype Sync="TRUE">Double</attrtype><attwidth Sync="TRUE">19</attwidth><atprecis Sync="TRUE">18</atprecis><attscale Sync="TRUE">15</attscale></attr><attr><attrlabl Sync="TRUE">CIR</attrlabl><attalias Sync="TRUE">CIR</attalias><attrtype Sync="TRUE">Double</attrtype><attwidth Sync="TRUE">19</attwidth><atprecis Sync="TRUE">18</atprecis><attscale Sync="TRUE">15</attscale></attr><attr><attrlabl Sync="TRUE">CON</attrlabl><attalias Sync="TRUE">CON</attalias><attrtype Sync="TRUE">Double</attrtype><attwidth Sync="TRUE">19</attwidth><atprecis Sync="TRUE">18</atprecis><attscale Sync="TRUE">15</attscale></attr><attr><attrlabl Sync="TRUE">CORR_PER</attrlabl><attalias Sync="TRUE">CORR_PER</attalias><attrtype Sync="TRUE">Double</attrtype><attwidth Sync="TRUE">19</attwidth><atprecis Sync="TRUE">18</atprecis><attscale Sync="TRUE">15</attscale></attr><attr><attrlabl Sync="TRUE">COV</attrlabl><attalias Sync="TRUE">COV</attalias><attrtype Sync="TRUE">Double</attrtype><attwidth Sync="TRUE">19</attwidth><atprecis Sync="TRUE">18</atprecis><attscale Sync="TRUE">15</attscale></attr><attr><attrlabl Sync="TRUE">CPED</attrlabl><attalias Sync="TRUE">CPED</attalias><attrtype Sync="TRUE">SmallInteger</attrtype><attwidth Sync="TRUE">2</attwidth><atprecis Sync="TRUE">2</atprecis><attscale Sync="TRUE">0</attscale></attr><attr><attrlabl Sync="TRUE">Cql</attrlabl><attalias Sync="TRUE">Cql</attalias><attrtype Sync="TRUE">Double</attrtype><attwidth Sync="TRUE">19</attwidth><atprecis Sync="TRUE">18</atprecis><attscale Sync="TRUE">15</attscale></attr><attr><attrlabl Sync="TRUE">CRIME</attrlabl><attalias Sync="TRUE">CRIME</attalias><attrtype Sync="TRUE">SmallInteger</attrtype><attwidth Sync="TRUE">4</attwidth><atprecis Sync="TRUE">4</atprecis><attscale Sync="TRUE">0</attscale></attr><attr><attrlabl Sync="TRUE">CS</attrlabl><attalias Sync="TRUE">CS</attalias><attrtype Sync="TRUE">Double</attrtype><attwidth Sync="TRUE">19</attwidth><atprecis Sync="TRUE">18</atprecis><attscale Sync="TRUE">15</attscale></attr><attr><attrlabl Sync="TRUE">Csl</attrlabl><attalias Sync="TRUE">Csl</attalias><attrtype Sync="TRUE">Double</attrtype><attwidth Sync="TRUE">19</attwidth><atprecis Sync="TRUE">18</atprecis><attscale Sync="TRUE">15</attscale></attr><attr><attrlabl Sync="TRUE">CTL</attrlabl><attalias Sync="TRUE">CTL</attalias><attrtype Sync="TRUE">Double</attrtype><attwidth Sync="TRUE">19</attwidth><atprecis Sync="TRUE">18</atprecis><attscale Sync="TRUE">15</attscale></attr><attr><attrlabl Sync="TRUE">DD</attrlabl><attalias Sync="TRUE">DD</attalias><attrtype Sync="TRUE">Double</attrtype><attwidth Sync="TRUE">19</attwidth><atprecis Sync="TRUE">18</atprecis><attscale Sync="TRUE">15</attscale></attr><attr><attrlabl Sync="TRUE">DIS</attrlabl><attalias Sync="TRUE">DIS</attalias><attrtype Sync="TRUE">Double</attrtype><attwidth Sync="TRUE">19</attwidth><atprecis Sync="TRUE">18</atprecis><attscale Sync="TRUE">15</attscale></attr><attr><attrlabl Sync="TRUE">DNO</attrlabl><attalias Sync="TRUE">DNO</attalias><attrtype Sync="TRUE">Double</attrtype><attwidth Sync="TRUE">19</attwidth><atprecis Sync="TRUE">18</atprecis><attscale Sync="TRUE">15</attscale></attr><attr><attrlabl Sync="TRUE">DNTR</attrlabl><attalias Sync="TRUE">DNTR</attalias><attrtype Sync="TRUE">Double</attrtype><attwidth Sync="TRUE">19</attwidth><atprecis Sync="TRUE">18</atprecis><attscale Sync="TRUE">15</attscale></attr><attr><attrlabl Sync="TRUE">DOGCO</attrlabl><attalias Sync="TRUE">DOGCO</attalias><attrtype Sync="TRUE">SmallInteger</attrtype><attwidth Sync="TRUE">2</attwidth><atprecis Sync="TRUE">2</atprecis><attscale Sync="TRUE">0</attscale></attr><attr><attrlabl Sync="TRUE">DWT</attrlabl><attalias Sync="TRUE">DWT</attalias><attrtype Sync="TRUE">Double</attrtype><attwidth Sync="TRUE">19</attwidth><atprecis Sync="TRUE">18</atprecis><attscale Sync="TRUE">15</attscale></attr><attr><attrlabl Sync="TRUE">DWT1</attrlabl><attalias Sync="TRUE">DWT1</attalias><attrtype Sync="TRUE">Double</attrtype><attwidth Sync="TRUE">19</attwidth><atprecis Sync="TRUE">18</atprecis><attscale Sync="TRUE">15</attscale></attr><attr><attrlabl Sync="TRUE">DWT11</attrlabl><attalias Sync="TRUE">DWT11</attalias><attrtype Sync="TRUE">Double</attrtype><attwidth Sync="TRUE">19</attwidth><atprecis Sync="TRUE">18</atprecis><attscale Sync="TRUE">15</attscale></attr><attr><attrlabl Sync="TRUE">DWT12</attrlabl><attalias Sync="TRUE">DWT12</attalias><attrtype Sync="TRUE">Double</attrtype><attwidth Sync="TRUE">19</attwidth><atprecis Sync="TRUE">18</atprecis><attscale Sync="TRUE">15</attscale></attr><attr><attrlabl Sync="TRUE">DWT13</attrlabl><attalias Sync="TRUE">DWT13</attalias><attrtype Sync="TRUE">Double</attrtype><attwidth Sync="TRUE">19</attwidth><atprecis Sync="TRUE">18</atprecis><attscale Sync="TRUE">15</attscale></attr><attr><attrlabl Sync="TRUE">DWT14</attrlabl><attalias Sync="TRUE">DWT14</attalias><attrtype Sync="TRUE">Double</attrtype><attwidth Sync="TRUE">19</attwidth><atprecis Sync="TRUE">18</atprecis><attscale Sync="TRUE">15</attscale></attr><attr><attrlabl Sync="TRUE">EAN</attrlabl><attalias Sync="TRUE">EAN</attalias><attrtype Sync="TRUE">Double</attrtype><attwidth Sync="TRUE">19</attwidth><atprecis Sync="TRUE">18</atprecis><attscale Sync="TRUE">15</attscale></attr><attr><attrlabl Sync="TRUE">EANA</attrlabl><attalias Sync="TRUE">EANA</attalias><attrtype Sync="TRUE">Double</attrtype><attwidth Sync="TRUE">19</attwidth><atprecis Sync="TRUE">18</atprecis><attscale Sync="TRUE">15</attscale></attr><attr><attrlabl Sync="TRUE">EL</attrlabl><attalias Sync="TRUE">EL</attalias><attrtype Sync="TRUE">Double</attrtype><attwidth Sync="TRUE">19</attwidth><atprecis Sync="TRUE">18</atprecis><attscale Sync="TRUE">15</attscale></attr><attr><attrlabl Sync="TRUE">EMN</attrlabl><attalias Sync="TRUE">EMN</attalias><attrtype Sync="TRUE">Double</attrtype><attwidth Sync="TRUE">19</attwidth><atprecis Sync="TRUE">18</atprecis><attscale Sync="TRUE">15</attscale></attr><attr><attrlabl Sync="TRUE">EMP</attrlabl><attalias Sync="TRUE">EMP</attalias><attrtype Sync="TRUE">Double</attrtype><attwidth Sync="TRUE">19</attwidth><atprecis Sync="TRUE">18</atprecis><attscale Sync="TRUE">15</attscale></attr><attr><attrlabl Sync="TRUE">EMP1</attrlabl><attalias Sync="TRUE">EMP1</attalias><attrtype Sync="TRUE">Double</attrtype><attwidth Sync="TRUE">19</attwidth><atprecis Sync="TRUE">18</atprecis><attscale Sync="TRUE">15</attscale></attr><attr><attrlabl Sync="TRUE">EMP11</attrlabl><attalias Sync="TRUE">EMP11</attalias><attrtype Sync="TRUE">Double</attrtype><attwidth Sync="TRUE">19</attwidth><atprecis Sync="TRUE">18</atprecis><attscale Sync="TRUE">15</attscale></attr><attr><attrlabl Sync="TRUE">EMP2</attrlabl><attalias Sync="TRUE">EMP2</attalias><attrtype Sync="TRUE">Double</attrtype><attwidth Sync="TRUE">19</attwidth><atprecis Sync="TRUE">18</atprecis><attscale Sync="TRUE">15</attscale></attr><attr><attrlabl Sync="TRUE">EMP21</attrlabl><attalias Sync="TRUE">EMP21</attalias><attrtype Sync="TRUE">Double</attrtype><attwidth Sync="TRUE">19</attwidth><atprecis Sync="TRUE">18</atprecis><attscale Sync="TRUE">15</attscale></attr><attr><attrlabl Sync="TRUE">EPR</attrlabl><attalias Sync="TRUE">EPR</attalias><attrtype Sync="TRUE">Double</attrtype><attwidth Sync="TRUE">19</attwidth><atprecis Sync="TRUE">18</atprecis><attscale Sync="TRUE">15</attscale></attr><attr><attrlabl Sync="TRUE">EST</attrlabl><attalias Sync="TRUE">EST</attalias><attrtype Sync="TRUE">Double</attrtype><attwidth Sync="TRUE">19</attwidth><atprecis Sync="TRUE">18</atprecis><attscale Sync="TRUE">15</attscale></attr><attr><attrlabl Sync="TRUE">EW</attrlabl><attalias Sync="TRUE">EW</attalias><attrtype Sync="TRUE">Double</attrtype><attwidth Sync="TRUE">19</attwidth><atprecis Sync="TRUE">18</atprecis><attscale Sync="TRUE">15</attscale></attr><attr><attrlabl Sync="TRUE">FNADAM</attrlabl><attalias Sync="TRUE">FNADAM</attalias><attrtype Sync="TRUE">Double</attrtype><attwidth Sync="TRUE">19</attwidth><atprecis Sync="TRUE">18</atprecis><attscale Sync="TRUE">15</attscale></attr><attr><attrlabl Sync="TRUE">G</attrlabl><attalias Sync="TRUE">G</attalias><attrtype Sync="TRUE">Double</attrtype><attwidth Sync="TRUE">19</attwidth><atprecis Sync="TRUE">18</atprecis><attscale Sync="TRUE">15</attscale></attr><attr><attrlabl Sync="TRUE">GRP</attrlabl><attalias Sync="TRUE">GRP</attalias><attrtype Sync="TRUE">Double</attrtype><attwidth Sync="TRUE">19</attwidth><atprecis Sync="TRUE">18</atprecis><attscale Sync="TRUE">15</attscale></attr><attr><attrlabl Sync="TRUE">HEALTH_DEC</attrlabl><attalias Sync="TRUE">HEALTH_DEC</attalias><attrtype Sync="TRUE">Double</attrtype><attwidth Sync="TRUE">19</attwidth><atprecis Sync="TRUE">18</atprecis><attscale Sync="TRUE">15</attscale></attr><attr><attrlabl Sync="TRUE">HI</attrlabl><attalias Sync="TRUE">HI</attalias><attrtype Sync="TRUE">Double</attrtype><attwidth Sync="TRUE">19</attwidth><atprecis Sync="TRUE">18</atprecis><attscale Sync="TRUE">15</attscale></attr><attr><attrlabl Sync="TRUE">HLT</attrlabl><attalias Sync="TRUE">HLT</attalias><attrtype Sync="TRUE">Double</attrtype><attwidth Sync="TRUE">19</attwidth><atprecis Sync="TRUE">18</atprecis><attscale Sync="TRUE">15</attscale></attr><attr><attrlabl Sync="TRUE">HZD</attrlabl><attalias Sync="TRUE">HZD</attalias><attrtype Sync="TRUE">Double</attrtype><attwidth Sync="TRUE">19</attwidth><atprecis Sync="TRUE">18</atprecis><attscale Sync="TRUE">15</attscale></attr><attr><attrlabl Sync="TRUE">HZD1</attrlabl><attalias Sync="TRUE">HZD1</attalias><attrtype Sync="TRUE">Double</attrtype><attwidth Sync="TRUE">19</attwidth><atprecis Sync="TRUE">18</atprecis><attscale Sync="TRUE">15</attscale></attr><attr><attrlabl Sync="TRUE">HZD11</attrlabl><attalias Sync="TRUE">HZD11</attalias><attrtype Sync="TRUE">Double</attrtype><attwidth Sync="TRUE">19</attwidth><atprecis Sync="TRUE">18</atprecis><attscale Sync="TRUE">15</attscale></attr><attr><attrlabl Sync="TRUE">HZD2</attrlabl><attalias Sync="TRUE">HZD2</attalias><attrtype Sync="TRUE">Double</attrtype><attwidth Sync="TRUE">19</attwidth><atprecis Sync="TRUE">18</atprecis><attscale Sync="TRUE">15</attscale></attr><attr><attrlabl Sync="TRUE">HZD21</attrlabl><attalias Sync="TRUE">HZD21</attalias><attrtype Sync="TRUE">Double</attrtype><attwidth Sync="TRUE">19</attwidth><atprecis Sync="TRUE">18</atprecis><attscale Sync="TRUE">15</attscale></attr><attr><attrlabl Sync="TRUE">Ibp</attrlabl><attalias Sync="TRUE">Ibp</attalias><attrtype Sync="TRUE">Double</attrtype><attwidth Sync="TRUE">19</attwidth><atprecis Sync="TRUE">18</atprecis><attscale Sync="TRUE">15</attscale></attr><attr><attrlabl Sync="TRUE">ID</attrlabl><attalias Sync="TRUE">ID</attalias><attrtype Sync="TRUE">Double</attrtype><attwidth Sync="TRUE">19</attwidth><atprecis Sync="TRUE">18</atprecis><attscale Sync="TRUE">15</attscale></attr><attr><attrlabl Sync="TRUE">Ie</attrlabl><attalias Sync="TRUE">Ie</attalias><attrtype Sync="TRUE">Double</attrtype><attwidth Sync="TRUE">19</attwidth><atprecis Sync="TRUE">18</atprecis><attscale Sync="TRUE">15</attscale></attr><attr><attrlabl Sync="TRUE">Iec</attrlabl><attalias Sync="TRUE">Iec</attalias><attrtype Sync="TRUE">Double</attrtype><attwidth Sync="TRUE">19</attwidth><atprecis Sync="TRUE">18</atprecis><attscale Sync="TRUE">15</attscale></attr><attr><attrlabl Sync="TRUE">Ihd</attrlabl><attalias Sync="TRUE">Ihd</attalias><attrtype Sync="TRUE">Double</attrtype><attwidth Sync="TRUE">19</attwidth><atprecis Sync="TRUE">18</atprecis><attscale Sync="TRUE">15</attscale></attr><attr><attrlabl Sync="TRUE">IID</attrlabl><attalias Sync="TRUE">IID</attalias><attrtype Sync="TRUE">Double</attrtype><attwidth Sync="TRUE">19</attwidth><atprecis Sync="TRUE">18</atprecis><attscale Sync="TRUE">15</attscale></attr><attr><attrlabl Sync="TRUE">Iiim</attrlabl><attalias Sync="TRUE">Iiim</attalias><attrtype Sync="TRUE">Double</attrtype><attwidth Sync="TRUE">19</attwidth><atprecis Sync="TRUE">18</atprecis><attscale Sync="TRUE">15</attscale></attr><attr><attrlabl Sync="TRUE">Iikp</attrlabl><attalias Sync="TRUE">Iikp</attalias><attrtype Sync="TRUE">Double</attrtype><attwidth Sync="TRUE">19</attwidth><atprecis Sync="TRUE">18</atprecis><attscale Sync="TRUE">15</attscale></attr><attr><attrlabl Sync="TRUE">Iksp</attrlabl><attalias Sync="TRUE">Iksp</attalias><attrtype Sync="TRUE">Double</attrtype><attwidth Sync="TRUE">19</attwidth><atprecis Sync="TRUE">18</atprecis><attscale Sync="TRUE">15</attscale></attr><attr><attrlabl Sync="TRUE">Illw</attrlabl><attalias Sync="TRUE">Illw</attalias><attrtype Sync="TRUE">Double</attrtype><attwidth Sync="TRUE">19</attwidth><atprecis Sync="TRUE">18</atprecis><attscale Sync="TRUE">15</attscale></attr><attr><attrlabl Sync="TRUE">INF</attrlabl><attalias Sync="TRUE">INF</attalias><attrtype Sync="TRUE">Double</attrtype><attwidth Sync="TRUE">19</attwidth><atprecis Sync="TRUE">18</atprecis><attscale Sync="TRUE">15</attscale></attr><attr><attrlabl Sync="TRUE">Ipd</attrlabl><attalias Sync="TRUE">Ipd</attalias><attrtype Sync="TRUE">Double</attrtype><attwidth Sync="TRUE">19</attwidth><atprecis Sync="TRUE">18</atprecis><attscale Sync="TRUE">15</attscale></attr><attr><attrlabl Sync="TRUE">Iql</attrlabl><attalias Sync="TRUE">Iql</attalias><attrtype Sync="TRUE">Double</attrtype><attwidth Sync="TRUE">19</attwidth><atprecis Sync="TRUE">18</atprecis><attscale Sync="TRUE">15</attscale></attr><attr><attrlabl Sync="TRUE">Irp</attrlabl><attalias Sync="TRUE">Irp</attalias><attrtype Sync="TRUE">Double</attrtype><attwidth Sync="TRUE">19</attwidth><atprecis Sync="TRUE">18</atprecis><attscale Sync="TRUE">15</attscale></attr><attr><attrlabl Sync="TRUE">Is_</attrlabl><attalias Sync="TRUE">Is_</attalias><attrtype Sync="TRUE">Double</attrtype><attwidth Sync="TRUE">19</attwidth><atprecis Sync="TRUE">18</atprecis><attscale Sync="TRUE">15</attscale></attr><attr><attrlabl Sync="TRUE">Isd</attrlabl><attalias Sync="TRUE">Isd</attalias><attrtype Sync="TRUE">Double</attrtype><attwidth Sync="TRUE">19</attwidth><atprecis Sync="TRUE">18</atprecis><attscale Sync="TRUE">15</attscale></attr><attr><attrlabl Sync="TRUE">IU</attrlabl><attalias Sync="TRUE">IU</attalias><attrtype Sync="TRUE">Double</attrtype><attwidth Sync="TRUE">19</attwidth><atprecis Sync="TRUE">18</atprecis><attscale Sync="TRUE">15</attscale></attr><attr><attrlabl Sync="TRUE">IWE</attrlabl><attalias Sync="TRUE">IWE</attalias><attrtype Sync="TRUE">Double</attrtype><attwidth Sync="TRUE">19</attwidth><atprecis Sync="TRUE">18</atprecis><attscale Sync="TRUE">15</attscale></attr><attr><attrlabl Sync="TRUE">IWE1</attrlabl><attalias Sync="TRUE">IWE1</attalias><attrtype Sync="TRUE">Double</attrtype><attwidth Sync="TRUE">19</attwidth><atprecis Sync="TRUE">18</atprecis><attscale Sync="TRUE">15</attscale></attr><attr><attrlabl Sync="TRUE">IWE11</attrlabl><attalias Sync="TRUE">IWE11</attalias><attrtype Sync="TRUE">SmallInteger</attrtype><attwidth Sync="TRUE">4</attwidth><atprecis Sync="TRUE">4</atprecis><attscale Sync="TRUE">0</attscale></attr><attr><attrlabl Sync="TRUE">IWE12</attrlabl><attalias Sync="TRUE">IWE12</attalias><attrtype Sync="TRUE">SmallInteger</attrtype><attwidth Sync="TRUE">3</attwidth><atprecis Sync="TRUE">3</atprecis><attscale Sync="TRUE">0</attscale></attr><attr><attrlabl Sync="TRUE">IWE2</attrlabl><attalias Sync="TRUE">IWE2</attalias><attrtype Sync="TRUE">Double</attrtype><attwidth Sync="TRUE">19</attwidth><atprecis Sync="TRUE">18</atprecis><attscale Sync="TRUE">15</attscale></attr><attr><attrlabl Sync="TRUE">IWE21</attrlabl><attalias Sync="TRUE">IWE21</attalias><attrtype Sync="TRUE">Double</attrtype><attwidth Sync="TRUE">19</attwidth><atprecis Sync="TRUE">18</atprecis><attscale Sync="TRUE">15</attscale></attr><attr><attrlabl Sync="TRUE">IWE3</attrlabl><attalias Sync="TRUE">IWE3</attalias><attrtype Sync="TRUE">Double</attrtype><attwidth Sync="TRUE">19</attwidth><atprecis Sync="TRUE">18</atprecis><attscale Sync="TRUE">15</attscale></attr><attr><attrlabl Sync="TRUE">IWE31</attrlabl><attalias Sync="TRUE">IWE31</attalias><attrtype Sync="TRUE">Double</attrtype><attwidth Sync="TRUE">19</attwidth><atprecis Sync="TRUE">18</atprecis><attscale Sync="TRUE">15</attscale></attr><attr><attrlabl Sync="TRUE">KAP</attrlabl><attalias Sync="TRUE">KAP</attalias><attrtype Sync="TRUE">Integer</attrtype><attwidth Sync="TRUE">5</attwidth><atprecis Sync="TRUE">5</atprecis><attscale Sync="TRUE">0</attscale></attr><attr><attrlabl Sync="TRUE">KI</attrlabl><attalias Sync="TRUE">KI</attalias><attrtype Sync="TRUE">Double</attrtype><attwidth Sync="TRUE">19</attwidth><atprecis Sync="TRUE">18</atprecis><attscale Sync="TRUE">15</attscale></attr><attr><attrlabl Sync="TRUE">KIN</attrlabl><attalias Sync="TRUE">KIN</attalias><attrtype Sync="TRUE">Double</attrtype><attwidth Sync="TRUE">19</attwidth><atprecis Sync="TRUE">18</atprecis><attscale Sync="TRUE">15</attscale></attr><attr><attrlabl Sync="TRUE">LIFE_EXP</attrlabl><attalias Sync="TRUE">LIFE_EXP</attalias><attrtype Sync="TRUE">Double</attrtype><attwidth Sync="TRUE">19</attwidth><atprecis Sync="TRUE">18</atprecis><attscale Sync="TRUE">15</attscale></attr><attr><attrlabl Sync="TRUE">LM</attrlabl><attalias Sync="TRUE">LM</attalias><attrtype Sync="TRUE">Double</attrtype><attwidth Sync="TRUE">19</attwidth><atprecis Sync="TRUE">18</atprecis><attscale Sync="TRUE">15</attscale></attr><attr><attrlabl Sync="TRUE">LNP</attrlabl><attalias Sync="TRUE">LNP</attalias><attrtype Sync="TRUE">Double</attrtype><attwidth Sync="TRUE">19</attwidth><atprecis Sync="TRUE">18</atprecis><attscale Sync="TRUE">15</attscale></attr><attr><attrlabl Sync="TRUE">LNP1</attrlabl><attalias Sync="TRUE">LNP1</attalias><attrtype Sync="TRUE">Double</attrtype><attwidth Sync="TRUE">19</attwidth><atprecis Sync="TRUE">18</atprecis><attscale Sync="TRUE">15</attscale></attr><attr><attrlabl Sync="TRUE">LNP11</attrlabl><attalias Sync="TRUE">LNP11</attalias><attrtype Sync="TRUE">Double</attrtype><attwidth Sync="TRUE">19</attwidth><atprecis Sync="TRUE">18</atprecis><attscale Sync="TRUE">15</attscale></attr><attr><attrlabl Sync="TRUE">LNP2</attrlabl><attalias Sync="TRUE">LNP2</attalias><attrtype Sync="TRUE">Double</attrtype><attwidth Sync="TRUE">19</attwidth><atprecis Sync="TRUE">18</atprecis><attscale Sync="TRUE">15</attscale></attr><attr><attrlabl Sync="TRUE">LNP21</attrlabl><attalias Sync="TRUE">LNP21</attalias><attrtype Sync="TRUE">Double</attrtype><attwidth Sync="TRUE">19</attwidth><atprecis Sync="TRUE">18</atprecis><attscale Sync="TRUE">15</attscale></attr><attr><attrlabl Sync="TRUE">LNP3</attrlabl><attalias Sync="TRUE">LNP3</attalias><attrtype Sync="TRUE">Double</attrtype><attwidth Sync="TRUE">19</attwidth><atprecis Sync="TRUE">18</atprecis><attscale Sync="TRUE">15</attscale></attr><attr><attrlabl Sync="TRUE">LNP31</attrlabl><attalias Sync="TRUE">LNP31</attalias><attrtype Sync="TRUE">Double</attrtype><attwidth Sync="TRUE">19</attwidth><atprecis Sync="TRUE">18</atprecis><attscale Sync="TRUE">15</attscale></attr><attr><attrlabl Sync="TRUE">LRS</attrlabl><attalias Sync="TRUE">LRS</attalias><attrtype Sync="TRUE">Double</attrtype><attwidth Sync="TRUE">19</attwidth><atprecis Sync="TRUE">18</atprecis><attscale Sync="TRUE">15</attscale></attr><attr><attrlabl Sync="TRUE">LRS1</attrlabl><attalias Sync="TRUE">LRS1</attalias><attrtype Sync="TRUE">Double</attrtype><attwidth Sync="TRUE">19</attwidth><atprecis Sync="TRUE">18</atprecis><attscale Sync="TRUE">15</attscale></attr><attr><attrlabl Sync="TRUE">LRS11</attrlabl><attalias Sync="TRUE">LRS11</attalias><attrtype Sync="TRUE">Double</attrtype><attwidth Sync="TRUE">19</attwidth><atprecis Sync="TRUE">18</atprecis><attscale Sync="TRUE">15</attscale></attr><attr><attrlabl Sync="TRUE">LRS2</attrlabl><attalias Sync="TRUE">LRS2</attalias><attrtype Sync="TRUE">Double</attrtype><attwidth Sync="TRUE">19</attwidth><atprecis Sync="TRUE">18</atprecis><attscale Sync="TRUE">15</attscale></attr><attr><attrlabl Sync="TRUE">LRS21</attrlabl><attalias Sync="TRUE">LRS21</attalias><attrtype Sync="TRUE">Double</attrtype><attwidth Sync="TRUE">19</attwidth><atprecis Sync="TRUE">18</atprecis><attscale Sync="TRUE">15</attscale></attr><attr><attrlabl Sync="TRUE">LS</attrlabl><attalias Sync="TRUE">LS</attalias><attrtype Sync="TRUE">SmallInteger</attrtype><attwidth Sync="TRUE">2</attwidth><atprecis Sync="TRUE">2</atprecis><attscale Sync="TRUE">0</attscale></attr><attr><attrlabl Sync="TRUE">MBDI</attrlabl><attalias Sync="TRUE">MBDI</attalias><attrtype Sync="TRUE">Double</attrtype><attwidth Sync="TRUE">19</attwidth><atprecis Sync="TRUE">18</atprecis><attscale Sync="TRUE">15</attscale></attr><attr><attrlabl Sync="TRUE">MmTL</attrlabl><attalias Sync="TRUE">MmTL</attalias><attrtype Sync="TRUE">Double</attrtype><attwidth Sync="TRUE">19</attwidth><atprecis Sync="TRUE">18</atprecis><attscale Sync="TRUE">15</attscale></attr><attr><attrlabl Sync="TRUE">mortAIDS</attrlabl><attalias Sync="TRUE">mortAIDS</attalias><attrtype Sync="TRUE">Double</attrtype><attwidth Sync="TRUE">19</attwidth><atprecis Sync="TRUE">18</atprecis><attscale Sync="TRUE">15</attscale></attr><attr><attrlabl Sync="TRUE">mortCANC</attrlabl><attalias Sync="TRUE">mortCANC</attalias><attrtype Sync="TRUE">Double</attrtype><attwidth Sync="TRUE">19</attwidth><atprecis Sync="TRUE">18</atprecis><attscale Sync="TRUE">15</attscale></attr><attr><attrlabl Sync="TRUE">mortCIRCUL</attrlabl><attalias Sync="TRUE">mortCIRCUL</attalias><attrtype Sync="TRUE">Double</attrtype><attwidth Sync="TRUE">19</attwidth><atprecis Sync="TRUE">18</atprecis><attscale Sync="TRUE">15</attscale></attr><attr><attrlabl Sync="TRUE">mortTB</attrlabl><attalias Sync="TRUE">mortTB</attalias><attrtype Sync="TRUE">Double</attrtype><attwidth Sync="TRUE">19</attwidth><atprecis Sync="TRUE">18</atprecis><attscale Sync="TRUE">15</attscale></attr><attr><attrlabl Sync="TRUE">MPO</attrlabl><attalias Sync="TRUE">MPO</attalias><attrtype Sync="TRUE">Double</attrtype><attwidth Sync="TRUE">19</attwidth><atprecis Sync="TRUE">18</atprecis><attscale Sync="TRUE">15</attscale></attr><attr><attrlabl Sync="TRUE">NCPU</attrlabl><attalias Sync="TRUE">NCPU</attalias><attrtype Sync="TRUE">Double</attrtype><attwidth Sync="TRUE">19</attwidth><atprecis Sync="TRUE">18</atprecis><attscale Sync="TRUE">15</attscale></attr><attr><attrlabl Sync="TRUE">NMBE</attrlabl><attalias Sync="TRUE">NMBE</attalias><attrtype Sync="TRUE">SmallInteger</attrtype><attwidth Sync="TRUE">1</attwidth><atprecis Sync="TRUE">1</atprecis><attscale Sync="TRUE">0</attscale></attr><attr><attrlabl Sync="TRUE">NRO</attrlabl><attalias Sync="TRUE">NRO</attalias><attrtype Sync="TRUE">SmallInteger</attrtype><attwidth Sync="TRUE">4</attwidth><atprecis Sync="TRUE">4</atprecis><attscale Sync="TRUE">0</attscale></attr><attr><attrlabl Sync="TRUE">OETP</attrlabl><attalias Sync="TRUE">OETP</attalias><attrtype Sync="TRUE">Double</attrtype><attwidth Sync="TRUE">19</attwidth><atprecis Sync="TRUE">18</atprecis><attscale Sync="TRUE">15</attscale></attr><attr><attrlabl Sync="TRUE">OITP</attrlabl><attalias Sync="TRUE">OITP</attalias><attrtype Sync="TRUE">Double</attrtype><attwidth Sync="TRUE">19</attwidth><atprecis Sync="TRUE">18</atprecis><attscale Sync="TRUE">15</attscale></attr><attr><attrlabl Sync="TRUE">ONR</attrlabl><attalias Sync="TRUE">ONR</attalias><attrtype Sync="TRUE">Double</attrtype><attwidth Sync="TRUE">19</attwidth><atprecis Sync="TRUE">18</atprecis><attscale Sync="TRUE">15</attscale></attr><attr><attrlabl Sync="TRUE">OORT</attrlabl><attalias Sync="TRUE">OORT</attalias><attrtype Sync="TRUE">Double</attrtype><attwidth Sync="TRUE">19</attwidth><atprecis Sync="TRUE">18</atprecis><attscale Sync="TRUE">15</attscale></attr><attr><attrlabl Sync="TRUE">ORIP</attrlabl><attalias Sync="TRUE">ORIP</attalias><attrtype Sync="TRUE">Double</attrtype><attwidth Sync="TRUE">19</attwidth><atprecis Sync="TRUE">18</atprecis><attscale Sync="TRUE">15</attscale></attr><attr><attrlabl Sync="TRUE">ORP</attrlabl><attalias Sync="TRUE">ORP</attalias><attrtype Sync="TRUE">Double</attrtype><attwidth Sync="TRUE">19</attwidth><atprecis Sync="TRUE">18</atprecis><attscale Sync="TRUE">15</attscale></attr><attr><attrlabl Sync="TRUE">ORPP</attrlabl><attalias Sync="TRUE">ORPP</attalias><attrtype Sync="TRUE">Double</attrtype><attwidth Sync="TRUE">19</attwidth><atprecis Sync="TRUE">18</atprecis><attscale Sync="TRUE">15</attscale></attr><attr><attrlabl Sync="TRUE">OVID</attrlabl><attalias Sync="TRUE">OVID</attalias><attrtype Sync="TRUE">Double</attrtype><attwidth Sync="TRUE">19</attwidth><atprecis Sync="TRUE">18</atprecis><attscale Sync="TRUE">15</attscale></attr><attr><attrlabl Sync="TRUE">PA</attrlabl><attalias Sync="TRUE">PA</attalias><attrtype Sync="TRUE">Double</attrtype><attwidth Sync="TRUE">19</attwidth><atprecis Sync="TRUE">18</atprecis><attscale Sync="TRUE">15</attscale></attr><attr><attrlabl Sync="TRUE">PATLG</attrlabl><attalias Sync="TRUE">PATLG</attalias><attrtype Sync="TRUE">Double</attrtype><attwidth Sync="TRUE">19</attwidth><atprecis Sync="TRUE">18</atprecis><attscale Sync="TRUE">15</attscale></attr><attr><attrlabl Sync="TRUE">PATLLA</attrlabl><attalias Sync="TRUE">PATLLA</attalias><attrtype Sync="TRUE">Double</attrtype><attwidth Sync="TRUE">19</attwidth><atprecis Sync="TRUE">18</atprecis><attscale Sync="TRUE">15</attscale></attr><attr><attrlabl Sync="TRUE">PATLP</attrlabl><attalias Sync="TRUE">PATLP</attalias><attrtype Sync="TRUE">Double</attrtype><attwidth Sync="TRUE">19</attwidth><atprecis Sync="TRUE">18</atprecis><attscale Sync="TRUE">15</attscale></attr><attr><attrlabl Sync="TRUE">PATLSC</attrlabl><attalias Sync="TRUE">PATLSC</attalias><attrtype Sync="TRUE">Double</attrtype><attwidth Sync="TRUE">19</attwidth><atprecis Sync="TRUE">18</atprecis><attscale Sync="TRUE">15</attscale></attr><attr><attrlabl Sync="TRUE">PCP</attrlabl><attalias Sync="TRUE">PCP</attalias><attrtype Sync="TRUE">Double</attrtype><attwidth Sync="TRUE">19</attwidth><atprecis Sync="TRUE">18</atprecis><attscale Sync="TRUE">15</attscale></attr><attr><attrlabl Sync="TRUE">POL</attrlabl><attalias Sync="TRUE">POL</attalias><attrtype Sync="TRUE">Double</attrtype><attwidth Sync="TRUE">19</attwidth><atprecis Sync="TRUE">18</atprecis><attscale Sync="TRUE">15</attscale></attr><attr><attrlabl Sync="TRUE">POL1</attrlabl><attalias Sync="TRUE">POL1</attalias><attrtype Sync="TRUE">Double</attrtype><attwidth Sync="TRUE">19</attwidth><atprecis Sync="TRUE">18</atprecis><attscale Sync="TRUE">15</attscale></attr><attr><attrlabl Sync="TRUE">POL2</attrlabl><attalias Sync="TRUE">POL2</attalias><attrtype Sync="TRUE">Double</attrtype><attwidth Sync="TRUE">19</attwidth><atprecis Sync="TRUE">18</atprecis><attscale Sync="TRUE">15</attscale></attr><attr><attrlabl Sync="TRUE">PPHB</attrlabl><attalias Sync="TRUE">PPHB</attalias><attrtype Sync="TRUE">Double</attrtype><attwidth Sync="TRUE">19</attwidth><atprecis Sync="TRUE">18</atprecis><attscale Sync="TRUE">15</attscale></attr><attr><attrlabl Sync="TRUE">PPP</attrlabl><attalias Sync="TRUE">PPP</attalias><attrtype Sync="TRUE">Double</attrtype><attwidth Sync="TRUE">19</attwidth><atprecis Sync="TRUE">18</atprecis><attscale Sync="TRUE">15</attscale></attr><attr><attrlabl Sync="TRUE">PR</attrlabl><attalias Sync="TRUE">PR</attalias><attrtype Sync="TRUE">SmallInteger</attrtype><attwidth Sync="TRUE">2</attwidth><atprecis Sync="TRUE">2</atprecis><attscale Sync="TRUE">0</attscale></attr><attr><attrlabl Sync="TRUE">PRP</attrlabl><attalias Sync="TRUE">PRP</attalias><attrtype Sync="TRUE">Double</attrtype><attwidth Sync="TRUE">19</attwidth><atprecis Sync="TRUE">18</atprecis><attscale Sync="TRUE">15</attscale></attr><attr><attrlabl Sync="TRUE">PSG</attrlabl><attalias Sync="TRUE">PSG</attalias><attrtype Sync="TRUE">Integer</attrtype><attwidth Sync="TRUE">5</attwidth><atprecis Sync="TRUE">5</atprecis><attscale Sync="TRUE">0</attscale></attr><attr><attrlabl Sync="TRUE">PSPTO</attrlabl><attalias Sync="TRUE">PSPTO</attalias><attrtype Sync="TRUE">Double</attrtype><attwidth Sync="TRUE">19</attwidth><atprecis Sync="TRUE">18</atprecis><attscale Sync="TRUE">15</attscale></attr><attr><attrlabl Sync="TRUE">REL</attrlabl><attalias Sync="TRUE">REL</attalias><attrtype Sync="TRUE">Double</attrtype><attwidth Sync="TRUE">19</attwidth><atprecis Sync="TRUE">18</atprecis><attscale Sync="TRUE">15</attscale></attr><attr><attrlabl Sync="TRUE">RIP</attrlabl><attalias Sync="TRUE">RIP</attalias><attrtype Sync="TRUE">Double</attrtype><attwidth Sync="TRUE">19</attwidth><atprecis Sync="TRUE">18</atprecis><attscale Sync="TRUE">15</attscale></attr><attr><attrlabl Sync="TRUE">RS</attrlabl><attalias Sync="TRUE">RS</attalias><attrtype Sync="TRUE">Double</attrtype><attwidth Sync="TRUE">19</attwidth><atprecis Sync="TRUE">18</atprecis><attscale Sync="TRUE">15</attscale></attr><attr><attrlabl Sync="TRUE">RST</attrlabl><attalias Sync="TRUE">RST</attalias><attrtype Sync="TRUE">Double</attrtype><attwidth Sync="TRUE">19</attwidth><atprecis Sync="TRUE">18</atprecis><attscale Sync="TRUE">15</attscale></attr><attr><attrlabl Sync="TRUE">RST1</attrlabl><attalias Sync="TRUE">RST1</attalias><attrtype Sync="TRUE">Double</attrtype><attwidth Sync="TRUE">19</attwidth><atprecis Sync="TRUE">18</atprecis><attscale Sync="TRUE">15</attscale></attr><attr><attrlabl Sync="TRUE">RST11</attrlabl><attalias Sync="TRUE">RST11</attalias><attrtype Sync="TRUE">Double</attrtype><attwidth Sync="TRUE">19</attwidth><atprecis Sync="TRUE">18</atprecis><attscale Sync="TRUE">15</attscale></attr><attr><attrlabl Sync="TRUE">RST12</attrlabl><attalias Sync="TRUE">RST12</attalias><attrtype Sync="TRUE">Double</attrtype><attwidth Sync="TRUE">19</attwidth><atprecis Sync="TRUE">18</atprecis><attscale Sync="TRUE">15</attscale></attr><attr><attrlabl Sync="TRUE">RST13</attrlabl><attalias Sync="TRUE">RST13</attalias><attrtype Sync="TRUE">Double</attrtype><attwidth Sync="TRUE">19</attwidth><atprecis Sync="TRUE">18</atprecis><attscale Sync="TRUE">15</attscale></attr><attr><attrlabl Sync="TRUE">RST14</attrlabl><attalias Sync="TRUE">RST14</attalias><attrtype Sync="TRUE">Double</attrtype><attwidth Sync="TRUE">19</attwidth><atprecis Sync="TRUE">18</atprecis><attscale Sync="TRUE">15</attscale></attr><attr><attrlabl Sync="TRUE">RST15</attrlabl><attalias Sync="TRUE">RST15</attalias><attrtype Sync="TRUE">Double</attrtype><attwidth Sync="TRUE">19</attwidth><atprecis Sync="TRUE">18</atprecis><attscale Sync="TRUE">15</attscale></attr><attr><attrlabl Sync="TRUE">RST16</attrlabl><attalias Sync="TRUE">RST16</attalias><attrtype Sync="TRUE">Double</attrtype><attwidth Sync="TRUE">19</attwidth><atprecis Sync="TRUE">18</atprecis><attscale Sync="TRUE">15</attscale></attr><attr><attrlabl Sync="TRUE">RST2</attrlabl><attalias Sync="TRUE">RST2</attalias><attrtype Sync="TRUE">Double</attrtype><attwidth Sync="TRUE">19</attwidth><atprecis Sync="TRUE">18</atprecis><attscale Sync="TRUE">15</attscale></attr><attr><attrlabl Sync="TRUE">RST21</attrlabl><attalias Sync="TRUE">RST21</attalias><attrtype Sync="TRUE">Double</attrtype><attwidth Sync="TRUE">19</attwidth><atprecis Sync="TRUE">18</atprecis><attscale Sync="TRUE">15</attscale></attr><attr><attrlabl Sync="TRUE">RST22</attrlabl><attalias Sync="TRUE">RST22</attalias><attrtype Sync="TRUE">Double</attrtype><attwidth Sync="TRUE">19</attwidth><atprecis Sync="TRUE">18</atprecis><attscale Sync="TRUE">15</attscale></attr><attr><attrlabl Sync="TRUE">RST23</attrlabl><attalias Sync="TRUE">RST23</attalias><attrtype Sync="TRUE">Double</attrtype><attwidth Sync="TRUE">19</attwidth><atprecis Sync="TRUE">18</atprecis><attscale Sync="TRUE">15</attscale></attr><attr><attrlabl Sync="TRUE">RST24</attrlabl><attalias Sync="TRUE">RST24</attalias><attrtype Sync="TRUE">SmallInteger</attrtype><attwidth Sync="TRUE">1</attwidth><atprecis Sync="TRUE">1</atprecis><attscale Sync="TRUE">0</attscale></attr><attr><attrlabl Sync="TRUE">RST3</attrlabl><attalias Sync="TRUE">RST3</attalias><attrtype Sync="TRUE">Double</attrtype><attwidth Sync="TRUE">19</attwidth><atprecis Sync="TRUE">18</atprecis><attscale Sync="TRUE">15</attscale></attr><attr><attrlabl Sync="TRUE">RST31</attrlabl><attalias Sync="TRUE">RST31</attalias><attrtype Sync="TRUE">Double</attrtype><attwidth Sync="TRUE">19</attwidth><atprecis Sync="TRUE">18</atprecis><attscale Sync="TRUE">15</attscale></attr><attr><attrlabl Sync="TRUE">RST32</attrlabl><attalias Sync="TRUE">RST32</attalias><attrtype Sync="TRUE">Double</attrtype><attwidth Sync="TRUE">19</attwidth><atprecis Sync="TRUE">18</atprecis><attscale Sync="TRUE">15</attscale></attr><attr><attrlabl Sync="TRUE">RST33</attrlabl><attalias Sync="TRUE">RST33</attalias><attrtype Sync="TRUE">Double</attrtype><attwidth Sync="TRUE">19</attwidth><atprecis Sync="TRUE">18</atprecis><attscale Sync="TRUE">15</attscale></attr><attr><attrlabl Sync="TRUE">RST34</attrlabl><attalias Sync="TRUE">RST34</attalias><attrtype Sync="TRUE">Double</attrtype><attwidth Sync="TRUE">19</attwidth><atprecis Sync="TRUE">18</atprecis><attscale Sync="TRUE">15</attscale></attr><attr><attrlabl Sync="TRUE">RST35</attrlabl><attalias Sync="TRUE">RST35</attalias><attrtype Sync="TRUE">Double</attrtype><attwidth Sync="TRUE">19</attwidth><atprecis Sync="TRUE">18</atprecis><attscale Sync="TRUE">15</attscale></attr><attr><attrlabl Sync="TRUE">RZOF</attrlabl><attalias Sync="TRUE">RZOF</attalias><attrtype Sync="TRUE">Double</attrtype><attwidth Sync="TRUE">19</attwidth><atprecis Sync="TRUE">18</atprecis><attscale Sync="TRUE">15</attscale></attr><attr><attrlabl Sync="TRUE">SA</attrlabl><attalias Sync="TRUE">SA</attalias><attrtype Sync="TRUE">Double</attrtype><attwidth Sync="TRUE">19</attwidth><atprecis Sync="TRUE">18</atprecis><attscale Sync="TRUE">15</attscale></attr><attr><attrlabl Sync="TRUE">Se</attrlabl><attalias Sync="TRUE">Se</attalias><attrtype Sync="TRUE">Double</attrtype><attwidth Sync="TRUE">19</attwidth><atprecis Sync="TRUE">18</atprecis><attscale Sync="TRUE">15</attscale></attr><attr><attrlabl Sync="TRUE">Sec</attrlabl><attalias Sync="TRUE">Sec</attalias><attrtype Sync="TRUE">Double</attrtype><attwidth Sync="TRUE">19</attwidth><atprecis Sync="TRUE">18</atprecis><attscale Sync="TRUE">15</attscale></attr><attr><attrlabl Sync="TRUE">SHF</attrlabl><attalias Sync="TRUE">SHF</attalias><attrtype Sync="TRUE">SmallInteger</attrtype><attwidth Sync="TRUE">3</attwidth><atprecis Sync="TRUE">3</atprecis><attscale Sync="TRUE">0</attscale></attr><attr><attrlabl Sync="TRUE">SMZP</attrlabl><attalias Sync="TRUE">SMZP</attalias><attrtype Sync="TRUE">SmallInteger</attrtype><attwidth Sync="TRUE">4</attwidth><atprecis Sync="TRUE">4</atprecis><attscale Sync="TRUE">0</attscale></attr><attr><attrlabl Sync="TRUE">SP</attrlabl><attalias Sync="TRUE">SP</attalias><attrtype Sync="TRUE">Double</attrtype><attwidth Sync="TRUE">19</attwidth><atprecis Sync="TRUE">18</atprecis><attscale Sync="TRUE">15</attscale></attr><attr><attrlabl Sync="TRUE">SPS</attrlabl><attalias Sync="TRUE">SPS</attalias><attrtype Sync="TRUE">Double</attrtype><attwidth Sync="TRUE">19</attwidth><atprecis Sync="TRUE">18</atprecis><attscale Sync="TRUE">15</attscale></attr><attr><attrlabl Sync="TRUE">SPS1</attrlabl><attalias Sync="TRUE">SPS1</attalias><attrtype Sync="TRUE">Double</attrtype><attwidth Sync="TRUE">19</attwidth><atprecis Sync="TRUE">18</atprecis><attscale Sync="TRUE">15</attscale></attr><attr><attrlabl Sync="TRUE">SPS11</attrlabl><attalias Sync="TRUE">SPS11</attalias><attrtype Sync="TRUE">SmallInteger</attrtype><attwidth Sync="TRUE">3</attwidth><atprecis Sync="TRUE">3</atprecis><attscale Sync="TRUE">0</attscale></attr><attr><attrlabl Sync="TRUE">SR</attrlabl><attalias Sync="TRUE">SR</attalias><attrtype Sync="TRUE">Double</attrtype><attwidth Sync="TRUE">19</attwidth><atprecis Sync="TRUE">18</atprecis><attscale Sync="TRUE">15</attscale></attr><attr><attrlabl Sync="TRUE">Ss</attrlabl><attalias Sync="TRUE">Ss</attalias><attrtype Sync="TRUE">Double</attrtype><attwidth Sync="TRUE">19</attwidth><atprecis Sync="TRUE">18</atprecis><attscale Sync="TRUE">15</attscale></attr><attr><attrlabl Sync="TRUE">TSR</attrlabl><attalias Sync="TRUE">TSR</attalias><attrtype Sync="TRUE">Double</attrtype><attwidth Sync="TRUE">19</attwidth><atprecis Sync="TRUE">18</atprecis><attscale Sync="TRUE">15</attscale></attr><attr><attrlabl Sync="TRUE">VNP</attrlabl><attalias Sync="TRUE">VNP</attalias><attrtype Sync="TRUE">Double</attrtype><attwidth Sync="TRUE">19</attwidth><atprecis Sync="TRUE">18</atprecis><attscale Sync="TRUE">15</attscale></attr><attr><attrlabl Sync="TRUE">VRP</attrlabl><attalias Sync="TRUE">VRP</attalias><attrtype Sync="TRUE">Integer</attrtype><attwidth Sync="TRUE">6</attwidth><atprecis Sync="TRUE">6</atprecis><attscale Sync="TRUE">0</attscale></attr><attr><attrlabl Sync="TRUE">VSF</attrlabl><attalias Sync="TRUE">VSF</attalias><attrtype Sync="TRUE">Double</attrtype><attwidth Sync="TRUE">19</attwidth><atprecis Sync="TRUE">18</atprecis><attscale Sync="TRUE">15</attscale></attr><attr><attrlabl Sync="TRUE">WAC</attrlabl><attalias Sync="TRUE">WAC</attalias><attrtype Sync="TRUE">Double</attrtype><attwidth Sync="TRUE">19</attwidth><atprecis Sync="TRUE">18</atprecis><attscale Sync="TRUE">15</attscale></attr><attr><attrlabl Sync="TRUE">WAC1</attrlabl><attalias Sync="TRUE">WAC1</attalias><attrtype Sync="TRUE">Double</attrtype><attwidth Sync="TRUE">19</attwidth><atprecis Sync="TRUE">18</atprecis><attscale Sync="TRUE">15</attscale></attr><attr><attrlabl Sync="TRUE">WAC11</attrlabl><attalias Sync="TRUE">WAC11</attalias><attrtype Sync="TRUE">Double</attrtype><attwidth Sync="TRUE">19</attwidth><atprecis Sync="TRUE">18</atprecis><attscale Sync="TRUE">15</attscale></attr><attr><attrlabl Sync="TRUE">WPSPA</attrlabl><attalias Sync="TRUE">WPSPA</attalias><attrtype Sync="TRUE">Double</attrtype><attwidth Sync="TRUE">19</attwidth><atprecis Sync="TRUE">18</atprecis><attscale Sync="TRUE">15</attscale></attr><attr><attrlabl Sync="TRUE">WRS</attrlabl><attalias Sync="TRUE">WRS</attalias><attrtype Sync="TRUE">Double</attrtype><attwidth Sync="TRUE">19</attwidth><atprecis Sync="TRUE">18</atprecis><attscale Sync="TRUE">15</attscale></attr><attr><attrlabl Sync="TRUE">WRS1</attrlabl><attalias Sync="TRUE">WRS1</attalias><attrtype Sync="TRUE">Double</attrtype><attwidth Sync="TRUE">19</attwidth><atprecis Sync="TRUE">18</atprecis><attscale Sync="TRUE">15</attscale></attr><attr><attrlabl Sync="TRUE">WRS2</attrlabl><attalias Sync="TRUE">WRS2</attalias><attrtype Sync="TRUE">Double</attrtype><attwidth Sync="TRUE">19</attwidth><atprecis Sync="TRUE">18</atprecis><attscale Sync="TRUE">15</attscale></attr><attr><attrlabl Sync="TRUE">WSU</attrlabl><attalias Sync="TRUE">WSU</attalias><attrtype Sync="TRUE">Double</attrtype><attwidth Sync="TRUE">19</attwidth><atprecis Sync="TRUE">18</atprecis><attscale Sync="TRUE">15</attscale></attr><attr><attrlabl Sync="TRUE">WSU1</attrlabl><attalias Sync="TRUE">WSU1</attalias><attrtype Sync="TRUE">Double</attrtype><attwidth Sync="TRUE">19</attwidth><atprecis Sync="TRUE">18</atprecis><attscale Sync="TRUE">15</attscale></attr><attr><attrlabl Sync="TRUE">WSU11</attrlabl><attalias Sync="TRUE">WSU11</attalias><attrtype Sync="TRUE">Double</attrtype><attwidth Sync="TRUE">19</attwidth><atprecis Sync="TRUE">18</atprecis><attscale Sync="TRUE">15</attscale></attr><attr><attrlabl Sync="TRUE">WTP</attrlabl><attalias Sync="TRUE">WTP</attalias><attrtype Sync="TRUE">Double</attrtype><attwidth Sync="TRUE">19</attwidth><atprecis Sync="TRUE">18</atprecis><attscale Sync="TRUE">15</attscale></attr><attr><attrlabl Sync="TRUE">WTP1</attrlabl><attalias Sync="TRUE">WTP1</attalias><attrtype Sync="TRUE">Double</attrtype><attwidth Sync="TRUE">19</attwidth><atprecis Sync="TRUE">18</atprecis><attscale Sync="TRUE">15</attscale></attr><attr><attrlabl Sync="TRUE">WTP11</attrlabl><attalias Sync="TRUE">WTP11</attalias><attrtype Sync="TRUE">Double</attrtype><attwidth Sync="TRUE">19</attwidth><atprecis Sync="TRUE">18</atprecis><attscale Sync="TRUE">15</attscale></attr><attr><attrlabl Sync="TRUE">WTP12</attrlabl><attalias Sync="TRUE">WTP12</attalias><attrtype Sync="TRUE">Double</attrtype><attwidth Sync="TRUE">19</attwidth><atprecis Sync="TRUE">18</atprecis><attscale Sync="TRUE">15</attscale></attr><attr><attrlabl Sync="TRUE">WTP2</attrlabl><attalias Sync="TRUE">WTP2</attalias><attrtype Sync="TRUE">Double</attrtype><attwidth Sync="TRUE">19</attwidth><atprecis Sync="TRUE">18</atprecis><attscale Sync="TRUE">15</attscale></attr><attr><attrlabl Sync="TRUE">WTP21</attrlabl><attalias Sync="TRUE">WTP21</attalias><attrtype Sync="TRUE">SmallInteger</attrtype><attwidth Sync="TRUE">4</attwidth><atprecis Sync="TRUE">4</atprecis><attscale Sync="TRUE">0</attscale></attr><attr><attrlabl Sync="TRUE">ZED</attrlabl><attalias Sync="TRUE">ZED</attalias><attrtype Sync="TRUE">Double</attrtype><attwidth Sync="TRUE">19</attwidth><atprecis Sync="TRUE">18</atprecis><attscale Sync="TRUE">15</attscale></attr><attr><attrlabl Sync="TRUE">ZP</attrlabl><attalias Sync="TRUE">ZP</attalias><attrtype Sync="TRUE">Double</attrtype><attwidth Sync="TRUE">19</attwidth><atprecis Sync="TRUE">18</atprecis><attscale Sync="TRUE">15</attscale></attr><attr><attrlabl Sync="TRUE">Shape__Are</attrlabl><attalias Sync="TRUE">Shape__Are</attalias><attrtype Sync="TRUE">Double</attrtype><attwidth Sync="TRUE">19</attwidth><atprecis Sync="TRUE">18</atprecis><attscale Sync="TRUE">15</attscale></attr><attr><attrlabl Sync="TRUE">Shape__Len</attrlabl><attalias Sync="TRUE">Shape__Len</attalias><attrtype Sync="TRUE">Double</attrtype><attwidth Sync="TRUE">19</attwidth><atprecis Sync="TRUE">18</atprecis><attscale Sync="TRUE">15</attscale></attr></detailed></eainfo><mdDateSt Sync="TRUE">20220404</mdDateSt></metadata>
